{"AAPL_sma_profit": -0.8299999999999983, "AAPL_sma_returns": -0.008612638788004548, "AAPL_mr_profit": 10.170000000000002, "AAPL_mr_returns": 0.09662707838479812, "AAPL_bb_profit": -2.0449999999999875, "AAPL_bb_returns": -0.021220296772854492, "AMD_sma_profit": 9.189999999999998, "AMD_sma_returns": 0.4286380597014924, "AMD_mr_profit": 6.059999999999988, "AMD_mr_returns": 0.21932681867535245, "AMD_bb_profit": -0.9200000000000017, "AMD_bb_returns": -0.042910447761194105, "BA_sma_profit": 8.210000000000008, "BA_sma_returns": 0.1857886399637929, "BA_mr_profit": 1.8499999999999943, "BA_mr_returns": 0.044642857142857005, "BA_bb_profit": -1.490000000000009, "BA_bb_returns": -0.03371803575469584, "BRK-A_sma_profit": -3150.9899999999907, "BRK-A_sma_returns": -0.05304696969696954, "BRK-A_mr_profit": 62871.0, "BRK-A_mr_returns": 1.0323645320197044, "BRK-A_bb_profit": 1754.0, "BRK-A_bb_returns": 0.027885532591414946, "GM_sma_profit": -1.5600000000000023, "GM_sma_returns": -0.046153846153846226, "GM_mr_profit": 3.049999999999997, "GM_mr_returns": 0.09236826165960015, "GM_bb_profit": -0.23999999999999488, "GM_bb_returns": -0.007100591715976181, "GOOG_sma_profit": 20.450000000000045, "GOOG_sma_returns": 0.03589356548601124, "GOOG_mr_profit": 232.51000000000022, "GOOG_mr_returns": 0.436057088201647, "GOOG_bb_profit": 7.710000000000036, "GOOG_bb_returns": 0.013532488503527989, "MSFT_sma_profit": -4.2099999999999795, "MSFT_sma_returns": -0.046876739783988194, "MSFT_mr_profit": 13.70999999999998, "MSFT_mr_returns": 0.13214457831325283, "MSFT_bb_profit": 5.150000000000006, "MSFT_bb_returns": 0.05726039581943524, "NIO_sma_profit": -3.240000000000002, "NIO_sma_returns": -0.4384303112313941, "NIO_mr_profit": 5.979999999999997, "NIO_mr_returns": 0.7598475222363401, "NIO_bb_profit": 1.1700000000000017, "NIO_bb_returns": 0.13764705882352962, "TSLA_sma_profit": -17.06000000000006, "TSLA_sma_returns": -0.9404630650496173, "TSLA_mr_profit": 16.149999999999977, "TSLA_mr_returns": 1.0221518987341758, "TSLA_bb_profit": -6.580000000000041, "TSLA_bb_returns": -0.3781609195402323, "WFC_sma_profit": -0.41000000000000014, "WFC_sma_returns": -0.00869934224485466, "WFC_mr_profit": 0.5700000000000003, "WFC_mr_returns": 0.01293690422151612, "WFC_bb_profit": -0.08000000000000185, "WFC_bb_returns": -0.0016974326331424113, "highest ticker return": "BRK-A", "highest ticker return strategy": "mean reversion"}